Company,Year,Total Assets,Total Liabilities,Revenue,Net Profit,Method,File,Status,Success Level,Currency,Unit,Language,company,year,total_assets,total_liabilities,revenue,net_profit,success_level,method,file
Creditas,2024.0,6544706.0,6310820.0,530699.0,-99650.0,regex,Creditas_2024_Annual.pdf,Success,Complete,,,,,,,,,,,,
Creditas,2024.0,6096831.0,5765880.0,517435.0,-19049.0,regex,Creditas_2024_Q3.pdf,Success,Complete,,,,,,,,,,,,
Creditas,2022.0,6952823.0,6373110.0,22.0,-1483738.0,regex,Creditas_2022_Annual.pdf,Success,Complete,,,,,,,,,,,,
Creditas,2023.0,5906337.0,5559535.0,474932.0,-1154191.0,regex,Creditas_2023_Annual.pdf,Success,Complete,,,,,,,,,,,,
Card,2024.0,348036477.0,339965483.0,1637570.0,,regex,Card_by_Coinbase_2024_Q1.pdf,Success,Partial(3/4),,,,,,,,,,,,
Card,2024.0,286959173.0,278588404.0,1449628.0,,regex,Card_by_Coinbase_2024_Q2.pdf,Success,Partial(3/4),,,,,,,,,,,,
Digio,2017.0,1.578,,,,regex,Digio_2017_Q3、Q4.pdf,Success,Partial(1/4),,,,,,,,,,,,
Digio,2020.0,2.529,2.529,,9.242,regex,Digio_2020_Q1、Q2.pdf,Success,Partial(3/4),,,,,,,,,,,,
Digio,2021.0,3.853,3.853,,,regex,Digio_2021_Q3、Q4.pdf,Success,Partial(2/4),,,,,,,,,,,,
Digio,2022.0,4.973,4.973,,,regex,Digio_2022_Q3、Q4.pdf,Success,Partial(2/4),,,,,,,,,,,,
Digio,2022.0,3.855,3.855,,,regex,Digio_2022_Q1、Q2.pdf,Success,Partial(2/4),,,,,,,,,,,,
Digio,2021.0,3.262,3.262,,,regex,Digio_2021_Q1、Q2.pdf,Success,Partial(2/4),,,,,,,,,,,,
Digio,2023.0,6.515,6.515,,,regex,Digio_2023_Q1、Q2.pdf,Success,Partial(2/4),,,,,,,,,,,,
Digio,2024.0,14.022,14.022,,,regex,Digio_2024_Q1、Q2.pdf,Success,Partial(2/4),,,,,,,,,,,,
Digio,2023.0,7.976,7.976,,,regex,Digio_2023_Q3、Q4.pdf,Success,Partial(2/4),,,,,,,,,,,,
Divvy,2022.0,8564205.0,4454994.0,116403.0,-75685.0,regex,Divvy_2022_Q1.pdf,Success,Complete,,,,,,,,,,,,
Discovery,2022.0,301.0,237.0,59.0,86.0,regex,Discovery_Bank_2022_23_Annual.pdf,Success,Complete,,,,,,,,,,,,
Divvy,2022.0,9510958.0,5417631.0,156478.0,-80440.0,regex,Divvy_2022_Q2.pdf,Success,Complete,,,,,,,,,,,,
Divvy,2022.0,9183836.0,5115520.0,166911.0,-86720.0,regex,Divvy_2022_Q3.pdf,Success,Complete,,,,,,,,,,,,
Divvy,2023.0,9738274.0,5654397.0,260006.0,-95076.0,regex,Divvy_2023_Q2.pdf,Success,Complete,,,,,,,,,,,,
Divvy,2023.0,9380885.0,5276548.0,272555.0,-31138.0,regex,Divvy_2023_Q3.pdf,Success,Complete,,,,,,,,,,,,
Divvy,2024.0,9620383.0,5502270.0,304985.0,-27861.0,regex,Divvy_2024_Q1.pdf,Success,Complete,,,,,,,,,,,,
Divvy,2023.0,9253099.0,5205568.0,229924.0,-81640.0,regex,Divvy_2023_Q1.pdf,Success,Complete,,,,,,,,,,,,
Divvy,2024.0,9872411.0,5920566.0,318495.0,-40421.0,regex,Divvy_2024_Q2.pdf,Success,Complete,,,,,,,,,,,,
Divvy,2024.0,9122258.0,5063525.0,323028.0,-36473.0,regex,Divvy_2024_Q3.pdf,Success,Complete,,,,,,,,,,,,
Discovery,2023.0,284.0,226.0,2.3,31.0,regex,Discovery_Bank_2023_24_Annual.pdf,Success,Complete,,,,,,,,,,,,
Easynvest,2021.0,14926098.0,13020695.0,480907.0,-34357.0,regex,Easynvest_2021_Q3.pdf,Success,Complete,,,,,,,,,,,,
Easynvest,2022.0,29916559.0,25025776.0,4792231.0,-364634.0,regex,Easynvest_2022_Annual.pdf,Success,Complete,,,,,,,,,,,,
Divvy,2025.0,9045061.0,5031816.0,358450.0,,regex,Divvy_2025_Q1.pdf,Success,Partial(3/4),,,,,,,,,,,,
Divvy,2025.0,9674206.0,5864812.0,362554.0,,regex,Divvy_2025_Q2.pdf,Success,Partial(3/4),,,,,,,,,,,,
Easynvest,2023.0,29489391.0,24280870.0,1618667.0,,regex,Easynvest_2023_Q1.pdf,Success,Partial(3/4),,,,,,,,,,,,
Easynvest,2021.0,19858681.0,15416140.0,1698023.0,-165334.0,regex,Easynvest_2021_Annual.pdf,Success,Complete,,,,,,,,,,,,
Easynvest,2023.0,33608083.0,27963484.0,1868640.0,,regex,Easynvest_2023_Q2.pdf,Success,Partial(3/4),,,,,,,,,,,,
Easynvest,2022.0,24258003.0,19467421.0,877267.0,,regex,Easynvest_2022_Q1.pdf,Success,Partial(3/4),,,,,,,,,,,,
Easynvest,2023.0,35693242.0,29803924.0,2136758.0,,regex,Easynvest_2023_Q3.pdf,Success,Partial(3/4),,,,,,,,,,,,
Easynvest,2023.0,43345195.0,36938810.0,8028976.0,,regex,Easynvest_2023_Annual.pdf,Success,Partial(3/4),,,,,,,,,,,,
Easynvest,2024.0,49931214.0,42284138.0,11517075.0,,regex,Easynvest_2024_Annual.pdf,Success,Partial(3/4),,,,,,,,,,,,
Easynvest,2022.0,25188681.0,20450522.0,1157561.0,-29850.0,regex,Easynvest_2022_Q2.pdf,Success,Complete,,,,,,,,,,,,
Easynvest,2024.0,43839497.0,37036806.0,2735901.0,378814.0,regex,Easynvest_2024_Q1.pdf,Success,Complete,,,,,,,,,,,,
Easynvest,2022.0,26006988.0,21254306.0,1306867.0,,regex,Easynvest_2022_Q3.pdf,Success,Partial(3/4),,,,,,,,,,,,
Easynvest,2024.0,44802730.0,37879290.0,2848691.0,487272.0,regex,Easynvest_2024_Q2.pdf,Success,Complete,,,,,,,,,,,,
Easynvest,2024.0,48637850.0,40993502.0,2943188.0,553386.0,regex,Easynvest_2024_Q3.pdf,Success,Complete,,,,,,,,,,,,
GXS,2023.0,946944544.0,602176121.0,,-208196372.0,regex,GXS_Bank_2023_Annual.pdf,Success,Partial(3/4),,,,,,,,,,,,
GXS,2022.0,268209564.0,77215882.0,,-131120894.0,regex,GXS_Bank_2022_Annual.pdf,Success,Partial(3/4),,,,,,,,,,,,
Green,2022.0,157569685.0,31549363.0,,,regex,Green_Link_Digital_Bank_2022_Annual.pdf,Success,Partial(2/4),,,,,,,,,,,,
Green,2023.0,497163.0,351150.0,,-30007.0,regex,Green_Link_Digital_Bank_2023_Annual.pdf,Success,Partial(3/4),,,,,,,,,,,,
ING,2007.0,42103091.0,40163285.0,,171151.0,regex,ING_2007_Annual.pdf,Success,Partial(3/4),,,,,,,,,,,,
ING,2010.0,46.0,,,,regex,ING_2010_Q1、Q2.pdf,Success,Partial(1/4),,,,,,,,,,,,
ING,2011.0,48203.0,,,,regex,ING_2011_Q1、Q2.pdf,Success,Partial(1/4),,,,,,,,,,,,
ING,2013.0,49813765.0,46282169.0,,271465.0,regex,ING_2013_Annual.pdf,Success,Partial(3/4),,,,,,,,,,,,
ING,2010.0,,,,275865.0,regex,ING_2010_Annual.pdf,Success,Partial(1/4),,,,,,,,,,,,
ING,2011.0,,,,304270.0,regex,ING_2011_Annual.pdf,Success,Partial(1/4),,,,,,,,,,,,
ING,2015.0,49870852.0,46370966.0,,314662.0,regex,ING_2015_Annual.pdf,Success,Partial(3/4),,,,,,,,,,,,
ING,2016.0,,,,295.0,regex,ING_2016_Annual.pdf,Success,Partial(1/4),,,,,,,,,,,,
ING,2017.0,58144.0,54041.0,,348.0,regex,ING_2017_Annual.pdf,Success,Partial(3/4),,,,,,,,,,,,
ING,2018.0,64643.0,60171.0,,401.0,regex,ING_2018_Annual.pdf,Success,Partial(3/4),,,,,,,,,,,,
ING,2019.0,69951.0,65108.0,,440.0,regex,ING_2019_Annual.pdf,Success,Partial(3/4),,,,,,,,,,,,
ING,2021.0,77749.0,71924.0,,549.0,regex,ING_2021_Annual.pdf,Success,Partial(3/4),,,,,,,,,,,,
ING,2022.0,83556.0,77444.0,,589.0,regex,ING_2022_Annual.pdf,Success,Partial(3/4),,,,,,,,,,,,
ING,2023.0,86981.0,80927.0,,654.0,regex,ING_2023_Annual.pdf,Success,Partial(3/4),,,,,,,,,,,,
Inbank,2016.0,4200.0,,,,regex,Inbank_2016_Annual.pdf,Success,Partial(1/4),,,,,,,,,,,,
Inbank,2015.0,,,2600.0,1000.0,regex,Inbank_2015_Annual.pdf,Success,Partial(2/4),,,,,,,,,,,,
ING,2020.0,73045.0,67890.0,,375.0,regex,ING_2020_Annual.pdf,Success,Partial(3/4),,,,,,,,,,,,
Inbank,2017.0,125000.0,,,,regex,Inbank_2017_Annual.pdf,Success,Partial(1/4),,,,,,,,,,,,
Inbank,2018.0,318000.0,,,,regex,Inbank_2018_Annual.pdf,Success,Partial(1/4),,,,,,,,,,,,
Inbank,2020.0,318.0,,,9.3,regex,Inbank_2020_Annual.pdf,Success,Partial(2/4),,,,,,,,,,,,
Inbank,2024.0,490.0,,,34.8,regex,Inbank_2024_Annual.pdf,Success,Partial(2/4),,,,,,,,,,,,
Inbank,2021.0,462.8,,,10.0,regex,Inbank_2021_Annual.pdf,Success,Partial(2/4),,,,,,,,,,,,
Inter,2021.0,,28.176,,,regex,Inter_2021_Annual.pdf,Success,Partial(1/4),,,,,,,,,,,,
Inbank,2019.0,318.0,,,9.0,regex,Inbank_2019_Annual.pdf,Success,Partial(2/4),,,,,,,,,,,,
Inter,2022.0,,33.818,,,regex,Inter_2022_Q2.pdf,Success,Partial(1/4),,,,,,,,,,,,
Inter,2022.0,,36.703,,,regex,Inter_2022_Q3.pdf,Success,Partial(1/4),,,,,,,,,,,,
Inter,2022.0,,39.253,,,regex,Inter_2022_Annual.pdf,Success,Partial(1/4),,,,,,,,,,,,
Inter,2023.0,,47.71,,,regex,Inter_2023_Q3.pdf,Success,Partial(1/4),,,,,,,,,,,,
Inter,2024.0,,,,972.841,regex,Inter_2024_Annual.pdf,Success,Partial(1/4),,,,,,,,,,,,
Inter,2024.0,,54.008,,195.22,regex,Inter_2024_Q1.pdf,Success,Partial(2/4),,,,,,,,,,,,
Inter,2024.0,,57.965,,222.664,regex,Inter_2024_Q2.pdf,Success,Partial(2/4),,,,,,,,,,,,
Inter,2024.0,,,,260.011,regex,Inter_2024_Q3.pdf,Success,Partial(1/4),,,,,,,,,,,,
Kabbage,2011.0,153337.0,,,4935.0,regex,Kabbage_2011_Annual.pdf,Success,Partial(2/4),,,,,,,,,,,,
Kabbage,2008.0,126074.0,,,2699.0,regex,Kabbage_2008_Annual.pdf,Success,Partial(2/4),,,,,,,,,,,,
Kabbage,2010.0,147042.0,,,4057.0,regex,Kabbage_2010_Annual.pdf,Success,Partial(2/4),,,,,,,,,,,,
Kabbage,2012.0,153140.0,,,4482.0,regex,Kabbage_2012_Annual.pdf,Success,Partial(2/4),,,,,,,,,,,,
Kabbage,2014.0,159103000000.0,,,5885000000.0,regex,Kabbage_2014_Annual.pdf,Success,Partial(2/4),,,,,,,,,,,,
KakaoBank,2017.0,,5174347977648.0,,,regex,KakaoBank_2017_Annual.pdf,Success,Partial(1/4),,,,,,,,,,,,
Kabbage,2021.0,,,17.0,,regex,Kabbage_2021_Annual.pdf,Success,Partial(1/4),,,,,,,,,,,,
KakaoBank,2019.0,,21045386916505.0,,,regex,KakaoBank_2019_Annual.pdf,Success,Partial(1/4),,,,,,,,,,,,
KakaoBank,2020.0,,23853027948741.0,,16.0,regex,KakaoBank_2020_Annual.pdf,Success,Partial(2/4),,,,,,,,,,,,
KakaoBank,2022.0,,33800969.0,,17.0,regex,KakaoBank_2022_Annual.pdf,Success,Partial(2/4),,,,,,,,,,,,
KakaoBank,2023.0,,48370463.0,,17.0,regex,KakaoBank_2023_Annual.pdf,Success,Partial(2/4),,,,,,,,,,,,
Kabbage,2013.0,153375.0,,,5359.0,regex,Kabbage_2013_Annual.pdf,Success,Partial(2/4),,,,,,,,,,,,
Kabbage,2009.0,124088.0,,,2130.0,regex,Kabbage_2009_Annual.pdf,Success,Partial(2/4),,,,,,,,,,,,
Azlo,2019.0,11.3,344262.0,4286.0,1271.0,regex,Azlo_2019_Q1.pdf,Success,Complete,,,,,,,,,,,,
Azlo,2021.0,10.6,420535.0,4220.0,1826.0,regex,Azlo_2021_Q1.pdf,Success,Complete,,,,,,,,,,,,
Azlo,2020.0,10.2,396203.0,4517.0,915.0,regex,Azlo_2020_Q1.pdf,Success,Complete,,,,,,,,,,,,
Azlo,2019.0,11.2,356380.0,4439.0,1374.0,regex,Azlo_2019_Q2.pdf,Success,Complete,,,,,,,,,,,,
Azlo,2020.0,10.8,408507.0,4281.0,1532.0,regex,Azlo_2020_Q3.pdf,Success,Complete,,,,,,,,,,,,
Azlo,2019.0,11.1,359461.0,4493.0,1392.0,regex,Azlo_2019_Q3.pdf,Success,Complete,,,,,,,,,,,,
Azlo,2021.0,9.3,497218.0,5197.0,1490.0,regex,Azlo_2021_Q3.pdf,Success,Complete,,,,,,,,,,,,
Azlo,2020.0,10.7,406030.0,4076.0,3655.0,regex,Azlo_2020_Q2.pdf,Success,Complete,,,,,,,,,,,,
Azlo,2021.0,9.2,499527.0,4667.0,1103.0,regex,Azlo_2021_Q2.pdf,Success,Complete,,,,,,,,,,,,
Azlo,2023.0,7.5,508861.0,5293.0,1500.0,regex,Azlo_2023_Q2.pdf,Success,Complete,,,,,,,,,,,,
Azlo,2022.0,8.2,492030.0,4692.0,1429.0,regex,Azlo_2022_Q1.pdf,Success,Complete,,,,,,,,,,,,
Azlo,2023.0,7.4,512703.0,5603.0,1694.0,regex,Azlo_2023_Q1.pdf,Success,Complete,,,,,,,,,,,,
Azlo,2022.0,7.1,512754.0,5549.0,1640.0,regex,Azlo_2022_Q3.pdf,Success,Complete,,,,,,,,,,,,
Azlo,2023.0,7.6,507853.0,5233.0,1570.0,regex,Azlo_2023_Q3.pdf,Success,Complete,,,,,,,,,,,,
Azlo,2024.0,8.0,514788.0,5145.0,1344.0,regex,Azlo_2024_Q1.pdf,Success,Complete,,,,,,,,,,,,
Azlo,2024.0,8.8,509152.0,5432.0,1505.0,regex,Azlo_2024_Q3.pdf,Success,Complete,,,,,,,,,,,,
Azlo,2024.0,8.3,503838.0,5411.0,1477.0,regex,Azlo_2024_Q2.pdf,Success,Complete,,,,,,,,,,,,
Better.com,2024.0,841586.0,765296.0,2817.0,-51492.0,regex,Better.com_2024_Q1.pdf,Success,Complete,,,,,,,,,,,,
Better.com,2023.0,937055.0,779823.0,,-340033.0,regex,Better.com_2023_Q3.pdf,Success,Partial(3/4),,,,,,,,,,,,
Azlo,2022.0,7.7,493098.0,5116.0,1496.0,regex,Azlo_2022_Q2.pdf,Success,Complete,,,,,,,,,,,,
Better.com,2024.0,845163.0,844775.0,3070.0,-54210.0,regex,Better.com_2024_Q3.pdf,Success,Complete,,,,,,,,,,,,
Better.com,2024.0,957883.0,912975.0,2881.0,-41365.0,regex,Better.com_2024_Q2.pdf,Success,Complete,,,,,,,,,,,,
CIMB,2008.0,206735710.0,188373261.0,,,regex,CIMB_2008_Annual.pdf,Success,Partial(2/4),,,,,,,,,,,,
CIMB,2007.0,182831642.0,165977032.0,,,regex,CIMB_2007_Annual.pdf,Success,Partial(2/4),,,,,,,,,,,,
CIMB,2006.0,159607244.0,146917924.0,,,regex,CIMB_2006_Annual.pdf,Success,Partial(2/4),,,,,,,,,,,,
CIMB,2017.0,,,,506.5,regex,CIMB_2017_Annual.pdf,Success,Partial(1/4),,,,,,,,,,,,
Card,2021.0,10201112.0,7344667.0,1801112.0,771463.0,regex,Card_by_Coinbase_2021_Q1.pdf,Success,Complete,,,,,,,,,,,,
Card,2021.0,15790208.0,11166783.0,2227962.0,1606349.0,regex,Card_by_Coinbase_2021_Q2.pdf,Success,Complete,,,,,,,,,,,,
Card,2021.0,18454271.0,13093774.0,1311908.0,406100.0,regex,Card_by_Coinbase_2021_Q3.pdf,Success,Complete,,,,,,,,,,,,
Card,2022.0,20895194.0,14399101.0,1166436.0,,regex,Card_by_Coinbase_2022_Q1.pdf,Success,Partial(3/4),,,,,,,,,,,,
Card,2022.0,105468243.0,99654854.0,808325.0,,regex,Card_by_Coinbase_2022_Q2.pdf,Success,Partial(3/4),,,,,,,,,,,,
Card,2023.0,139301859.0,133626913.0,772529.0,-78896.0,regex,Card_by_Coinbase_2023_Q1.pdf,Success,Complete,,,,,,,,,,,,
Card,2022.0,111168363.0,105542048.0,590339.0,,regex,Card_by_Coinbase_2022_Q3.pdf,Success,Partial(3/4),,,,,,,,,,,,
Card,2023.0,137650575.0,131895872.0,707911.0,-97405.0,regex,Card_by_Coinbase_2023_Q2.pdf,Success,Complete,,,,,,,,,,,,
Card,2023.0,127305595.0,121384470.0,674148.0,-2265.0,regex,Card_by_Coinbase_2023_Q3.pdf,Success,Complete,,,,,,,,,,,,
Fusion,2022.0,4185956000.0,3450477000.0,,,regex,Fusion_Bank_2022_Q1_Q2.pdf,Success,Partial(2/4),,,,,,,,,,,,
Fusion,2022.0,4185956000.0,3450477000.0,,,regex,Fusion_Bank_2022_Q1Q2.pdf,Success,Partial(2/4),,,,,,,,,,,,
Fusion,2022.0,4185956000.0,3450477000.0,,,regex,Fusion_Bank_2022_Q1、Q2.pdf,Success,Partial(2/4),,,,,,,,,,,,
Fusion,2023.0,3491423000.0,2870504000.0,,,regex,Fusion_Bank_2023_Q1Q2.pdf,Success,Partial(2/4),,,,,,,,,,,,
Fusion,2023.0,3491423000.0,2870504000.0,,,regex,Fusion_Bank_2023_Q1_Q2.pdf,Success,Partial(2/4),,,,,,,,,,,,
Fusion,2023.0,3491423000.0,2870504000.0,,,regex,Fusion_Bank_2023_Q1、Q2.pdf,Success,Partial(2/4),,,,,,,,,,,,
Fusion,2024.0,7098969000.0,6225409000.0,,,regex,Fusion_Bank_2024_Q1Q2.pdf,Success,Partial(2/4),,,,,,,,,,,,
Fusion,2023.0,5677505000000.0,4676630000000.0,,,regex,Fusion_Bank_2023_Annual.pdf,Success,Partial(2/4),,,,,,,,,,,,
Fusion,2024.0,7098969000.0,6225409000.0,,,regex,Fusion_Bank_2024_Q1_Q2.pdf,Success,Partial(2/4),,,,,,,,,,,,
Fusion,2024.0,7098969000.0,6225409000.0,,,regex,Fusion_Bank_2024_Q1、Q2.pdf,Success,Partial(2/4),,,,,,,,,,,,
Acorns,2023.0,1233946951.0,381074.0,50974450.0,48993546.0,regex+table,Acorns_2023_24_Q1_Q2.pdf,Success,Complete,,,,,,,,,,,,
Afterpay,2023.0,,,2011.0,,regex+table,Afterpay_2023_Annual.pdf,Success,Partial(1/4),,,,,,,,,,,,
Afterpay,2024.0,,,2011.0,,regex+table,Afterpay_2024_Annual.pdf,Success,Partial(1/4),,,,,,,,,,,,
Airstarbank,2019.0,1523878862.0,101915382.0,,-83221658.0,regex+table,Airstarbank_2019_Annual.pdf,Success,Partial(3/4),,,,,,,,,,,,
Airstarbank,2020.0,2880469.0,1677433.0,,,regex+table,Airstarbank_2020_Annual.pdf,Success,Partial(2/4),,,,,,,,,,,,
Airstarbank,2020.0,1836307098.0,497993666.0,,-91707674.0,regex+table,Airstarbank_2020_Q1_Q2.pdf,Success,Partial(3/4),,,,,,,,,,,,
Airstarbank,2020.0,1836307098.0,497993666.0,,-91707674.0,regex+table,Airstarbank_2020_Q1、Q2.pdf,Success,Partial(3/4),,,,,,,,,,,,
Airstarbank,2021.0,3227586.0,2266139.0,,-244255.0,regex+table,Airstarbank_2021_Annual.pdf,Success,Partial(3/4),,,,,,,,,,,,
Airstarbank,2021.0,3464490.0,2390450.0,,-123375.0,regex+table,Airstarbank_2021_Q1_Q2.pdf,Success,Partial(3/4),,,,,,,,,,,,
Airstarbank,2021.0,3464490.0,2390450.0,,-123375.0,regex+table,Airstarbank_2021_Q1、Q2.pdf,Success,Partial(3/4),,,,,,,,,,,,
Airstarbank,2022.0,2857826.0,1996911.0,,-97755.0,regex+table,Airstarbank_2022_Q1_Q2.pdf,Success,Partial(3/4),,,,,,,,,,,,
Airstarbank,2022.0,2857826.0,1996911.0,,-97755.0,regex+table,Airstarbank_2022_Q1、Q2.pdf,Success,Partial(3/4),,,,,,,,,,,,
Airstarbank,2023.0,2325593.0,1768056.0,,-208263.0,regex+table,Airstarbank_2023_Annual.pdf,Success,Partial(3/4),,,,,,,,,,,,
Airstarbank,2024.0,2707842.0,1836897.0,,-131230.0,regex+table,Airstarbank_2024_Q1_Q2.pdf,Success,Partial(3/4),,,,,,,,,,,,
Airstarbank,2024.0,2707842.0,1836897.0,,-131230.0,regex+table,Airstarbank_2024_Q1、Q2.pdf,Success,Partial(3/4),,,,,,,,,,,,
Aprila,2018.0,133500.0,5999.0,,0.0,regex+table,Aprila_Bank_2018_Annual.pdf,Success,Partial(3/4),,,,,,,,,,,,
Aprila,2018.0,144269.0,2715.0,,,regex+table,Aprila_Bank_2018_Q2.pdf,Success,Partial(2/4),,,,,,,,,,,,
Aprila,2018.0,138591.0,4174.0,,,regex+table,Aprila_Bank_2018_Q3.pdf,Success,Partial(2/4),,,,,,,,,,,,
Aprila,2018.0,133.0,5.0,,,regex+table,Aprila_Bank_2018_Q4.pdf,Success,Partial(2/4),,,,,,,,,,,,
Aprila,2019.0,127454.0,9781.0,,,regex+table,Aprila_Bank_2019_Q1.pdf,Success,Partial(2/4),,,,,,,,,,,,
Aprila,2019.0,118429.0,6761.0,,,regex+table,Aprila_Bank_2019_Q2.pdf,Success,Partial(2/4),,,,,,,,,,,,
Aprila,2019.0,143287.0,40134.0,,,regex+table,Aprila_Bank_2019_Q3.pdf,Success,Partial(2/4),,,,,,,,,,,,
Aprila,2019.0,170.0,77.0,,,regex+table,Aprila_Bank_2019_Q4.pdf,Success,Partial(2/4),,,,,,,,,,,,
Aprila,2020.0,170447.0,90922.0,,,regex+table,Aprila_Bank_2020_Q1.pdf,Success,Partial(2/4),,,,,,,,,,,,
Aprila,2020.0,256737.0,117687.0,,,regex+table,Aprila_Bank_2020_Q2.pdf,Success,Partial(2/4),,,,,,,,,,,,
Aprila,2020.0,255956.0,128115.0,,,regex+table,Aprila_Bank_2020_Q3.pdf,Success,Partial(2/4),,,,,,,,,,,,
Aprila,2020.0,439858.0,326844.0,,,regex+table,Aprila_Bank_2020_Q4.pdf,Success,Partial(2/4),,,,,,,,,,,,
Aprila,2021.0,413983.0,316983.0,,,regex+table,Aprila_Bank_2021_Q1.pdf,Success,Partial(2/4),,,,,,,,,,,,
Aprila,2021.0,343582.0,253840.0,,,regex+table,Aprila_Bank_2021_Q2.pdf,Success,Partial(2/4),,,,,,,,,,,,
Aprila,2021.0,377964.0,293773.0,,,regex+table,Aprila_Bank_2021_Q3.pdf,Success,Partial(2/4),,,,,,,,,,,,
Aprila,2021.0,465994.0,357437.0,,,regex+table,Aprila_Bank_2021_Q4.pdf,Success,Partial(2/4),,,,,,,,,,,,
Aprila,2022.0,530007.0,426533.0,,,regex+table,Aprila_Bank_2022_Q1.pdf,Success,Partial(2/4),,,,,,,,,,,,
Aprila,2022.0,625183.0,459512.0,,,regex+table,Aprila_Bank_2022_Q2.pdf,Success,Partial(2/4),,,,,,,,,,,,
Aprila,2022.0,657399.0,495011.0,,,regex+table,Aprila_Bank_2022_Q3.pdf,Success,Partial(2/4),,,,,,,,,,,,
Aprila,2022.0,786673.0,594562.0,,,regex+table,Aprila_Bank_2022_Q4.pdf,Success,Partial(2/4),,,,,,,,,,,,
Acorns,2017.0,203556853.0,25547.0,13859930.0,13880855.0,regex+table,Acorns_2017_18_Annual.pdf,Success,Complete,,,,,,,,,,,,
Acorns,2018.0,354038314.0,66066.0,27181059.0,26400133.0,regex+table,Acorns_2018_19_Annual.pdf,Success,Complete,,,,,,,,,,,,
Acorns,2020.0,811815120.0,184536.0,120721521.0,118730064.0,regex+table,Acorns_2020_21_Annual.pdf,Success,Complete,,,,,,,,,,,,
Acorns,2019.0,464180375.0,113807.0,2315071.0,982679.0,regex+table,Acorns_2019_20_Annual.pdf,Success,Complete,,,,,,,,,,,,
Acorns,2022.0,981886940.0,296819.0,36234783.0,,regex+table,Acorns_2022_23_Q1_Q2.pdf,Success,Partial(3/4),,,,,,,,,,,,
Acorns,2021.0,894430361.0,221571.0,,,regex+table,Acorns_2021_22_Annual.pdf,Success,Partial(2/4),,,,,,,,,,,,
Acorns,2022.0,1151041210.0,359473.0,109532376.0,,regex+table,Acorns_2022_23_Annual.pdf,Success,Partial(3/4),,,,,,,,,,,,
Acorns,2024.0,1634266937.0,394647.0,108823581.0,106450166.0,regex+table,Acorns_2024_25_Q1_Q2.pdf,Success,Complete,,,,,,,,,,,,
Acorns,2023.0,1417127147.0,425126.0,158666832.0,154479446.0,regex+table,Acorns_2023_24_Annual.pdf,Success,Complete,,,,,,,,,,,,
Acorns,2021.0,977367928.0,226692.0,17974107.0,,regex+table,Acorns_2021_22_Q1_Q2.pdf,Success,Partial(3/4),,,,,,,,,,,,
Afterpay,2015.0,894772.0,,,-179817.0,regex+table,Afterpay_2015_Annual.pdf,Success,Partial(2/4),,,,,,,,,,,,
Afterpay,2016.0,1211362.0,,686618.0,-171590.0,regex+table,Afterpay_2016_Annual.pdf,Success,Partial(3/4),,,,,,,,,,,,
Afterpay,2018.0,3281023.0,,,-38453.0,regex+table,Afterpay_2018_Annual.pdf,Success,Partial(2/4),,,,,,,,,,,,
Afterpay,2017.0,2187270.0,,983963.0,-62813.0,regex+table,Afterpay_2017_Annual.pdf,Success,Partial(3/4),,,,,,,,,,,,
Afterpay,2019.0,4551258.0,,,,regex+table,Afterpay_2019_Annual.pdf,Success,Partial(1/4),,,,,,,,,,,,
Azlo,2013.0,1.31,,3955.0,1004.0,regex,Azlo_2013_Q1.pdf,Success,Partial(3/4),,,,,,,,,,,,
CIMB,2015.0,,,,234557542.0,regex,CIMB_2015_Annual.pdf,Success,Partial(1/4),,,,,,,,,,,,
Card,2024.0,290558608.0,281830486.0,1205193.0,,regex,Card_by_Coinbase_2024_Q3.pdf,Success,Partial(3/4),,,,,,,,,,,,
Creditas,2024.0,5906337.0,5559535.0,474932.0,-1154191.0,regex,Creditas_2024_Q2.pdf,Success,Complete,,,,,,,,,,,,
Digio,2020.0,2.807,2.807,,,regex,Digio_2020_Q3、Q4.pdf,Success,Partial(2/4),,,,,,,,,,,,
Aprila,2023.0,838183.0,648004.0,,,regex+table,Aprila_Bank_2023_Q1.pdf,Success,Partial(2/4),,,,,,,,,,,,
Aprila,2023.0,997004.0,798960.0,,5794.0,regex+table,Aprila_Bank_2023_Q2.pdf,Success,Partial(3/4),,,,,,,,,,,,
Aprila,2023.0,1085305.0,879513.0,,13525.0,regex+table,Aprila_Bank_2023_Q3.pdf,Success,Partial(3/4),,,,,,,,,,,,
Aprila,2023.0,1061600.0,844924.0,,23086.0,regex+table,Aprila_Bank_2023_Q4.pdf,Success,Partial(3/4),,,,,,,,,,,,
Aprila,2024.0,,,,52.0,regex+table,Aprila_Bank_2024_Q1.pdf,Success,Partial(1/4),,,,,,,,,,,,
Klarna,2016.0,9845198.0,7260028.0,,,regex,Klarna_2016_Q1Q2.pdf,Success,Partial(2/4),,,,,,,,,,,,
Klarna,2016.0,9845198.0,7260028.0,,,regex,Klarna_2016_Q1_Q2.pdf,Success,Partial(2/4),,,,,,,,,,,,
Klarna,2016.0,9845198.0,7260028.0,,,regex,Klarna_2016_Q1、Q2.pdf,Success,Partial(2/4),,,,,,,,,,,,
Klarna,2017.0,12804553000.0,9700935000.0,1865908000.0,,regex,Klarna_2017_Q1Q2.pdf,Success,Partial(3/4),,,,,,,,,,,,
Klarna,2017.0,12804553000.0,9700935000.0,1865908000.0,,regex,Klarna_2017_Q1_Q2.pdf,Success,Partial(3/4),,,,,,,,,,,,
Klarna,2016.0,12000.0,9000.0,2000.0,,regex,Klarna_2016_Annual.pdf,Success,Partial(3/4),,,,,,,,,,,,
Klarna,2017.0,12804553000.0,9700935000.0,1865908000.0,,regex,Klarna_2017_Q1、Q2.pdf,Success,Partial(3/4),,,,,,,,,,,,
Klarna,2019.0,30452850.0,26342899.0,,,regex,Klarna_2019_Q1_Q2.pdf,Success,Partial(2/4),,,,,,,,,,,,
Klarna,2019.0,30452850.0,26342899.0,,,regex,Klarna_2019_Q1、Q2.pdf,Success,Partial(2/4),,,,,,,,,,,,
Klarna,2019.0,30452850.0,26342899.0,,,regex,Klarna_2019_Q1Q2.pdf,Success,Partial(2/4),,,,,,,,,,,,
Klarna,2023.0,112211225533.0,110077444488.0,0.8,,regex,Klarna_2023_Q1Q2.pdf,Success,Partial(3/4),,,,,,,,,,,,
Klarna,2023.0,112211225533.0,110077444488.0,0.8,,regex,Klarna_2023_Q1_Q2.pdf,Success,Partial(3/4),,,,,,,,,,,,
Klarna,2023.0,112211225533.0,110077444488.0,0.8,,regex,Klarna_2023_Q1、Q2.pdf,Success,Partial(3/4),,,,,,,,,,,,
Knab,2021.0,17324655.0,,,,regex,Knab_2021_Q1、Q2.pdf,Success,Partial(1/4),,,,,,,,,,,,
Klarna,2023.0,,,23504.0,,regex,Klarna_2023_Annual.pdf,Success,Partial(1/4),,,,,,,,,,,,
Knab,2022.0,16944275.0,,,16174.0,regex,Knab_2022_Q1、Q2.pdf,Success,Partial(2/4),,,,,,,,,,,,
Knab,2023.0,17122255.0,,,64481.0,regex,Knab_2023_Q1、Q2.pdf,Success,Partial(2/4),,,,,,,,,,,,
LINE,2022.0,10494808.0,5941605.0,,,regex,LINE_Pay_2022_Annual.pdf,Success,Partial(2/4),,,,,,,,,,,,
LINE,2023.0,12129838.0,6783335.0,,,regex,LINE_Pay_2023_Annual.pdf,Success,Partial(2/4),,,,,,,,,,,,
LINE,2023.0,10180152.0,5166701.0,,232679.0,regex,LINE_Pay_2023_Q2.pdf,Success,Partial(3/4),,,,,,,,,,,,
LINE,2024.0,12213451.0,6629841.0,,207862.0,regex,LINE_Pay_2024_Q1.pdf,Success,Partial(3/4),,,,,,,,,,,,
Livi,2020.0,2421633.0,308131.0,,-184999.0,regex,Livi_Bank_2020_Q1Q2.pdf,Success,Partial(3/4),,,,,,,,,,,,
Livi,2020.0,2421633.0,308131.0,,-184999.0,regex,Livi_Bank_2020_Q1_Q2.pdf,Success,Partial(3/4),,,,,,,,,,,,
Livi,2020.0,2421633.0,308131.0,,-184999.0,regex,Livi_Bank_2020_Q1、Q2.pdf,Success,Partial(3/4),,,,,,,,,,,,
LINE,2024.0,13206388.0,7238301.0,,112056.0,regex,LINE_Pay_2024_Q3.pdf,Success,Partial(3/4),,,,,,,,,,,,
Livi,2023.0,3934782.0,2667890.0,,-308011.0,regex,Livi_Bank_2023_Q1Q2.pdf,Success,Partial(3/4),,,,,,,,,,,,
Livi,2023.0,3934782.0,2667890.0,,-308011.0,regex,Livi_Bank_2023_Q1_Q2.pdf,Success,Partial(3/4),,,,,,,,,,,,
Livi,2023.0,3934782.0,2667890.0,,-308011.0,regex,Livi_Bank_2023_Q1、Q2.pdf,Success,Partial(3/4),,,,,,,,,,,,
Livi,2024.0,4901750.0,3018211.0,,-124537.0,regex,Livi_Bank_2024_Q1_Q2.pdf,Success,Partial(3/4),,,,,,,,,,,,
Livi,2024.0,4901750.0,3018211.0,,-124537.0,regex,Livi_Bank_2024_Q1Q2.pdf,Success,Partial(3/4),,,,,,,,,,,,
Livi,2024.0,4901750.0,3018211.0,,-124537.0,regex,Livi_Bank_2024_Q1、Q2.pdf,Success,Partial(3/4),,,,,,,,,,,,
Lunar,2021.0,4368640.0,,,-0.0,regex,Lunar_2021_Q1、Q2.pdf,Success,Partial(2/4),,,,,,,,,,,,
Lunar,2022.0,11290069.0,,,-0.0,regex,Lunar_2022_Q1、Q2.pdf,Success,Partial(2/4),,,,,,,,,,,,
Lunar,2023.0,10355210.0,,,-0.0,regex,Lunar_2023_Q1、Q2.pdf,Success,Partial(2/4),,,,,,,,,,,,
Klarna,2024.0,,,,2.0,regex,Klarna_2024_Q1Q2.pdf,Success,Partial(1/4),,,,,,,,,,,,
Klarna,2024.0,,,,2.0,regex,Klarna_2024_Q1_Q2.pdf,Success,Partial(1/4),,,,,,,,,,,,
Klarna,2024.0,,,,2.0,regex,Klarna_2024_Q1、Q2.pdf,Success,Partial(1/4),,,,,,,,,,,,
Magnetis,2007.0,22.927,22.927,,,regex,Magnetis_Investimentos_2007_Annual.pdf,Success,Partial(2/4),,,,,,,,,,,,
Magnetis,2007.0,32.709,32.709,,,regex,Magnetis_Investimentos_2007_Q1、Q2.pdf,Success,Partial(2/4),,,,,,,,,,,,
Magnetis,2008.0,20.459,20.459,,,regex,Magnetis_Investimentos_2008_Q1、Q2.pdf,Success,Partial(2/4),,,,,,,,,,,,
Magnetis,2010.0,73.826,,,,regex,Magnetis_Investimentos_2010_Annual.pdf,Success,Partial(1/4),,,,,,,,,,,,
Magnetis,2011.0,41.85,41.85,,,regex,Magnetis_Investimentos_2011_Q1.pdf,Success,Partial(2/4),,,,,,,,,,,,
Magnetis,2011.0,59.324,59.324,,,regex,Magnetis_Investimentos_2011_Q3.pdf,Success,Partial(2/4),,,,,,,,,,,,
Magnetis,2010.0,32.641,32.641,,6.522,regex,Magnetis_Investimentos_2010_Q1、Q2.pdf,Success,Partial(3/4),,,,,,,,,,,,
Magnetis,2011.0,82.392,75.846,,,regex,Magnetis_Investimentos_2011_Annual.pdf,Success,Partial(2/4),,,,,,,,,,,,
Magnetis,2012.0,72.45,,,,regex,Magnetis_Investimentos_2012_Q1.pdf,Success,Partial(1/4),,,,,,,,,,,,
Magnetis,2012.0,82.125,,,,regex,Magnetis_Investimentos_2012_Q2.pdf,Success,Partial(1/4),,,,,,,,,,,,
Magnetis,2013.0,102.55,,,57.888,regex,Magnetis_Investimentos_2013_Q1.pdf,Success,Partial(2/4),,,,,,,,,,,,
Magnetis,2012.0,131.258,,,,regex,Magnetis_Investimentos_2012_Q3.pdf,Success,Partial(1/4),,,,,,,,,,,,
Magnetis,2013.0,102.55,,,57.888,regex,Magnetis_Investimentos_2013_Q2.pdf,Success,Partial(2/4),,,,,,,,,,,,
Magnetis,2013.0,117.349,,,1.0,regex,Magnetis_Investimentos_2013_Q3.pdf,Success,Partial(2/4),,,,,,,,,,,,
Magnetis,2014.0,122.395,,,,regex,Magnetis_Investimentos_2014_Q1.pdf,Success,Partial(1/4),,,,,,,,,,,,
Magnetis,2014.0,,,,23.0,regex,Magnetis_Investimentos_2014_Annual.pdf,Success,Partial(1/4),,,,,,,,,,,,
Magnetis,2014.0,114.327,,,1.0,regex,Magnetis_Investimentos_2014_Q2.pdf,Success,Partial(2/4),,,,,,,,,,,,
Magnetis,2015.0,163.235,,,,regex,Magnetis_Investimentos_2015_Q1.pdf,Success,Partial(1/4),,,,,,,,,,,,
Magnetis,2014.0,135.283,,,19.0,regex,Magnetis_Investimentos_2014_Q3.pdf,Success,Partial(2/4),,,,,,,,,,,,
Magnetis,2015.0,161.241,,,,regex,Magnetis_Investimentos_2015_Q2.pdf,Success,Partial(1/4),,,,,,,,,,,,
Magnetis,2015.0,,,,35.0,regex,Magnetis_Investimentos_2015_Annual.pdf,Success,Partial(1/4),,,,,,,,,,,,
Magnetis,2017.0,155.138,155.138,,,regex,Magnetis_Investimentos_2017_Annual.pdf,Success,Partial(2/4),,,,,,,,,,,,
Magnetis,2016.0,149.723,,,268.772,regex,Magnetis_Investimentos_2016_Q1.pdf,Success,Partial(2/4),,,,,,,,,,,,
Magnetis,2015.0,188.119,,,,regex,Magnetis_Investimentos_2015_Q3.pdf,Success,Partial(1/4),,,,,,,,,,,,
Magnetis,2016.0,,,,28.0,regex,Magnetis_Investimentos_2016_Annual.pdf,Success,Partial(1/4),,,,,,,,,,,,
Magnetis,2016.0,144.147,,,2.128,regex,Magnetis_Investimentos_2016_Q2.pdf,Success,Partial(2/4),,,,,,,,,,,,
Magnetis,2009.0,12.129,12.129,,5.497,regex,Magnetis_Investimentos_2009_Q1、Q2.pdf,Success,Partial(3/4),,,,,,,,,,,,
Magnetis,2011.0,86.682,86.682,,,regex,Magnetis_Investimentos_2011_Q2.pdf,Success,Partial(2/4),,,,,,,,,,,,
Magnetis,2019.0,176.044,176.044,,,regex,Magnetis_Investimentos_2019_Annual.pdf,Success,Partial(2/4),,,,,,,,,,,,
Magnetis,2016.0,146027259.0,,,2677407.0,regex,Magnetis_Investimentos_2016_Q3.pdf,Success,Partial(2/4),,,,,,,,,,,,
Magnetis,2017.0,151.052,,,480.386,regex,Magnetis_Investimentos_2017_Q1.pdf,Success,Partial(2/4),,,,,,,,,,,,
Magnetis,2017.0,143.444,,,,regex,Magnetis_Investimentos_2017_Q2.pdf,Success,Partial(1/4),,,,,,,,,,,,
Magnetis,2017.0,143.389,,,,regex,Magnetis_Investimentos_2017_Q3.pdf,Success,Partial(1/4),,,,,,,,,,,,
Magnetis,2019.0,182.143,,,37.44,regex,Magnetis_Investimentos_2019_Q1.pdf,Success,Partial(2/4),,,,,,,,,,,,
Magnetis,2018.0,168.122,,,,regex,Magnetis_Investimentos_2018_Q2.pdf,Success,Partial(1/4),,,,,,,,,,,,
Magnetis,2018.0,153.394,,,,regex,Magnetis_Investimentos_2018_Q1.pdf,Success,Partial(1/4),,,,,,,,,,,,
Magnetis,2019.0,188.544,,,353.834,regex,Magnetis_Investimentos_2019_Q2.pdf,Success,Partial(2/4),,,,,,,,,,,,
Magnetis,2020.0,245.129,,,,regex,Magnetis_Investimentos_2020_Q2.pdf,Success,Partial(1/4),,,,,,,,,,,,
Magnetis,2018.0,179.082,,,,regex,Magnetis_Investimentos_2018_Q3.pdf,Success,Partial(1/4),,,,,,,,,,,,
Magnetis,2020.0,236.22,,,,regex,Magnetis_Investimentos_2020_Q1.pdf,Success,Partial(1/4),,,,,,,,,,,,
Magnetis,2019.0,179.779,,,62.994,regex,Magnetis_Investimentos_2019_Q3.pdf,Success,Partial(2/4),,,,,,,,,,,,
Magnetis,2020.0,241.664,,,,regex,Magnetis_Investimentos_2020_Annual.pdf,Success,Partial(1/4),,,,,,,,,,,,
Magnetis,2020.0,272.559,,,,regex,Magnetis_Investimentos_2020_Q3.pdf,Success,Partial(1/4),,,,,,,,,,,,
Magnetis,2021.0,318.201,,,,regex,Magnetis_Investimentos_2021_Annual.pdf,Success,Partial(1/4),,,,,,,,,,,,
Magnetis,2021.0,301.413,,,778.795,regex,Magnetis_Investimentos_2021_Q2.pdf,Success,Partial(2/4),,,,,,,,,,,,
Magnetis,2022.0,369.588,,,,regex,Magnetis_Investimentos_2022_Annual.pdf,Success,Partial(1/4),,,,,,,,,,,,
Magnetis,2021.0,301.28,,,,regex,Magnetis_Investimentos_2021_Q1.pdf,Success,Partial(1/4),,,,,,,,,,,,
Magnetis,2024.0,569.747,511.134,,795.674,regex,Magnetis_Investimentos_2024_Q1.pdf,Success,Partial(3/4),,,,,,,,,,,,
Magnetis,2021.0,340.556,,,861.411,regex,Magnetis_Investimentos_2021_Q3.pdf,Success,Partial(2/4),,,,,,,,,,,,
Magnetis,2022.0,398.261,350.555,,6.911,regex,Magnetis_Investimentos_2022_Q1.pdf,Success,Partial(3/4),,,,,,,,,,,,
Magnetis,2022.0,447.008,395.633,,3.757,regex,Magnetis_Investimentos_2022_Q3.pdf,Success,Partial(3/4),,,,,,,,,,,,
Magnetis,2023.0,495.115,,,2.233,regex,Magnetis_Investimentos_2023_Annual.pdf,Success,Partial(2/4),,,,,,,,,,,,
Magnetis,2023.0,498.41,443.916,,1.033,regex,Magnetis_Investimentos_2023_Q3.pdf,Success,Partial(3/4),,,,,,,,,,,,
Magnetis,2023.0,473.837,422.346,,237.103,regex,Magnetis_Investimentos_2023_Q1.pdf,Success,Partial(3/4),,,,,,,,,,,,
Magnetis,2024.0,601.934,541.421,,1.692,regex,Magnetis_Investimentos_2024_Q2.pdf,Success,Partial(3/4),,,,,,,,,,,,
Magnetis,2022.0,384.224,,,515.564,regex,Magnetis_Investimentos_2022_Q2.pdf,Success,Partial(2/4),,,,,,,,,,,,
Magnetis,2024.0,559.58,,,,regex,Magnetis_Investimentos_2024_Annual.pdf,Success,Partial(1/4),,,,,,,,,,,,
Magnetis,2023.0,477.835,,,765.492,regex,Magnetis_Investimentos_2023_Q2.pdf,Success,Partial(2/4),,,,,,,,,,,,
Magnetis,2024.0,613.163,,,3.297,regex,Magnetis_Investimentos_2024_Q3.pdf,Success,Partial(2/4),,,,,,,,,,,,
MariBank,2022.0,237916.0,104080.0,,,regex,MariBank_2022_Annual.pdf,Success,Partial(2/4),,,,,,,,,,,,
Metro,2018.0,54000000.0,16803000000.0,48000000.0,,regex,Metro_Bank_2018_Q1.pdf,Success,Partial(3/4),,,,,,,,,,,,
MariBank,2023.0,956608.0,560780.0,10068.0,,regex,MariBank_2023_Annual.pdf,Success,Partial(3/4),,,,,,,,,,,,
Metro,2016.0,10.0,7556749.0,,-16968.0,regex,Metro_Bank_2016_Q1、Q2.pdf,Success,Partial(3/4),,,,,,,,,,,,
Metro,2018.0,41000000.0,19163000000.0,41000000.0,,regex,Metro_Bank_2018_Q1、Q2、Q3.pdf,Success,Partial(3/4),,,,,,,,,,,,
Metro,2017.0,6.0,12282095.0,,,regex,Metro_Bank_2017_Q1、Q2.pdf,Success,Partial(2/4),,,,,,,,,,,,
Metro,2018.0,6.0,18039.0,,15.2,regex,Metro_Bank_2018_Q1、Q2.pdf,Success,Partial(3/4),,,,,,,,,,,,
Magnetis,2008.0,19.27,19.27,,5.03,regex,Magnetis_Investimentos_2008_Annual.pdf,Success,Partial(3/4),,,,,,,,,,,,
Metro,2019.0,24000000.0,20788000000.0,17000000.0,2500000.0,regex,Metro_Bank_2019_Q1.pdf,Success,Complete,,,,,,,,,,,,
Metro,2019.0,8.0,19590.0,,,regex,Metro_Bank_2019_Q1、Q2.pdf,Success,Partial(2/4),,,,,,,,,,,,
Metro,2019.0,,19817000000.0,,,regex,Metro_Bank_2019_Annual.pdf,Success,Partial(1/4),,,,,,,,,,,,
Magnetis,2009.0,21.914,21.914,,5.684,regex,Magnetis_Investimentos_2009_Annual.pdf,Success,Partial(3/4),,,,,,,,,,,,
Mintos,2021.0,6.0,,,,regex,Mintos_2021_Annual.pdf,Success,Partial(1/4),,,,,,,,,,,,
Mintos,2020.0,6.0,,,,regex,Mintos_2020_Annual.pdf,Success,Partial(1/4),,,,,,,,,,,,
Mintos,2019.0,4.0,,,,regex,Mintos_2019_Annual.pdf,Success,Partial(1/4),,,,,,,,,,,,
Mintos,2016.0,532.0,,,-180.0,regex,Mintos_2016_Annual.pdf,Success,Partial(2/4),,,,,,,,,,,,
Mintos,2017.0,1.0,,,,regex,Mintos_2017_Annual.pdf,Success,Partial(1/4),,,,,,,,,,,,
Metro,2022.0,22555.0,21586.0,,,regex,Metro_Bank_2022_Q1、Q2.pdf,Success,Partial(2/4),,,,,,,,,,,,
Metro,2020.0,6.0,21290.0,2.0,,regex,Metro_Bank_2020_Annual.pdf,Success,Partial(3/4),,,,,,,,,,,,
Metro,2020.0,22134.0,20787.0,,,regex,Metro_Bank_2020_Q1、Q2.pdf,Success,Partial(2/4),,,,,,,,,,,,
Metro,2021.0,23013.0,21866.0,,,regex,Metro_Bank_2021_Q1、Q2.pdf,Success,Partial(2/4),,,,,,,,,,,,
Metro,2023.0,21747.0,20777.0,,,regex,Metro_Bank_2023_Q1、Q2.pdf,Success,Partial(2/4),,,,,,,,,,,,
Mintos,2024.0,10.0,,,,regex,Mintos_2024_Annual.pdf,Success,Partial(1/4),,,,,,,,,,,,
Mintos,2023.0,8.0,,,,regex,Mintos_2023_Annual.pdf,Success,Partial(1/4),,,,,,,,,,,,
Mogo,2017.0,,,12972.0,,regex,Mogo_2017_Annual.pdf,Success,Partial(1/4),,,,,,,,,,,,
Mintos,2022.0,6.0,,,,regex,Mintos_2022_Annual.pdf,Success,Partial(1/4),,,,,,,,,,,,
Mogo,2018.0,,,26433.0,,regex,Mogo_2018_Annual.pdf,Success,Partial(1/4),,,,,,,,,,,,
Mogo,2018.0,,,5418000.0,,regex,Mogo_2018_Q1.pdf,Success,Partial(1/4),,,,,,,,,,,,
Mogo,2019.0,,,8018000.0,,regex,Mogo_2019_Q1.pdf,Success,Partial(1/4),,,,,,,,,,,,
Mogo,2020.0,111797000.0,119262000.0,8099000.0,,regex,Mogo_2020_Q1.pdf,Success,Partial(3/4),,,,,,,,,,,,
Mogo,2019.0,,,8214000.0,,regex,Mogo_2019_Q2.pdf,Success,Partial(1/4),,,,,,,,,,,,
Mogo,2018.0,,,7229000.0,,regex,Mogo_2018_Q3.pdf,Success,Partial(1/4),,,,,,,,,,,,
Mogo,2019.0,,,8800000.0,,regex,Mogo_2019_Q3.pdf,Success,Partial(1/4),,,,,,,,,,,,
Mogo,2018.0,,,5856000.0,,regex,Mogo_2018_Q2.pdf,Success,Partial(1/4),,,,,,,,,,,,
Mogo,2020.0,103040000.0,109297000.0,16378000.0,,regex,Mogo_2020_Q2.pdf,Success,Partial(3/4),,,,,,,,,,,,
Mogo,2019.0,151098.0,149346.0,34494.0,,regex,Mogo_2019_Annual.pdf,Success,Partial(3/4),,,,,,,,,,,,
Mogo,2020.0,101459000.0,104778000.0,16585000.0,,regex,Mogo_2020_Q3.pdf,Success,Partial(3/4),,,,,,,,,,,,
Mogo,2021.0,393867.0,124090.0,23111.0,-33209.0,regex,Mogo_2021_Annual.pdf,Success,Complete,,,,,,,,,,,,
Mogo,2020.0,104468.0,99232.0,25131.0,,regex,Mogo_2020_Annual.pdf,Success,Partial(3/4),,,,,,,,,,,,
Mogo,2023.0,212497000.0,108411000.0,6431000.0,-6884000.0,regex,Mogo_2023_Q1.pdf,Success,Complete,,,,,,,,,,,,
Mogo,2022.0,377758000.0,122967000.0,6596000.0,-18870000.0,regex,Mogo_2022_Q1.pdf,Success,Complete,,,,,,,,,,,,
Mogo,2022.0,302115000.0,115669000.0,6852000.0,-19996000.0,regex,Mogo_2022_Q3.pdf,Success,Complete,,,,,,,,,,,,
Mogo,2021.0,390136000.0,112261000.0,5447000.0,,regex,Mogo_2021_Q2.pdf,Success,Partial(3/4),,,,,,,,,,,,
Mogo,2021.0,380953000.0,111279000.0,5952000.0,,regex,Mogo_2021_Q3.pdf,Success,Partial(3/4),,,,,,,,,,,,
Mogo,2023.0,207763.0,114039.0,26436.0,-17887.0,regex,Mogo_2023_Annual.pdf,Success,Complete,,,,,,,,,,,,
Mogo,2021.0,251196000.0,110939000.0,5418000.0,-2817000.0,regex,Mogo_2021_Q1.pdf,Success,Complete,,,,,,,,,,,,
Mogo,2023.0,201853000.0,107236000.0,6375000.0,-10008000.0,regex,Mogo_2023_Q2.pdf,Success,Complete,,,,,,,,,,,,
Mogo,2024.0,206462000.0,115805000.0,7234000.0,-3610000.0,regex,Mogo_2024_Q1.pdf,Success,Complete,,,,,,,,,,,,
Mogo,2023.0,196323000.0,111029000.0,6661000.0,-9504000.0,regex,Mogo_2023_Q3.pdf,Success,Complete,,,,,,,,,,,,
Mogo,2022.0,221494.0,110608.0,27208.0,-165678.0,regex,Mogo_2022_Annual.pdf,Success,Complete,,,,,,,,,,,,
Mogo,2022.0,321855000.0,117211000.0,6956000.0,,regex,Mogo_2022_Q2.pdf,Success,Partial(3/4),,,,,,,,,,,,
Mogo,2024.0,191606000.0,112928000.0,7117000.0,-12351000.0,regex,Mogo_2024_Q2.pdf,Success,Complete,,,,,,,,,,,,
Mogo,2024.0,183221000.0,112625000.0,6996000.0,-8112000.0,regex,Mogo_2024_Q3.pdf,Success,Complete,,,,,,,,,,,,
MyBank,2019.0,1395.5,,,,regex,MyBank_2019_Annual.pdf,Success,Partial(1/4),,,,,,,,,,,,
MyBank,2015.0,30244865536.0,26313608326.0,252939600.0,,regex,MyBank_2015_Annual.pdf,Success,Partial(3/4),,,,,,,,,,,,
MyBank,2022.0,4411.0,,157.0,35.0,regex,MyBank_2022_Annual.pdf,Success,Partial(3/4),,,,,,,,,,,,
Neon,2023.0,7.879,,,,regex,Neon_Bank_2023_Q3、Q4.pdf,Success,Partial(1/4),,,,,,,,,,,,
Neon,2024.0,5.519,,,,regex,Neon_Bank_2024_Q1、Q2.pdf,Success,Partial(1/4),,,,,,,,,,,,
MyBank,2023.0,,,187.43,42.03,regex,MyBank_2023_Annual.pdf,Success,Partial(2/4),,,,,,,,,,,,
Nubank,2022.0,29916559.0,25025776.0,4792231.0,-364634.0,regex,Nubank_2022_Annual.pdf,Success,Complete,,,,,,,,,,,,
Nubank,2023.0,29489391.0,24280870.0,1618667.0,,regex,Nubank_2023_Q1.pdf,Success,Partial(3/4),,,,,,,,,,,,
Nubank,2022.0,24258003.0,19467421.0,877267.0,,regex,Nubank_2022_Q1.pdf,Success,Partial(3/4),,,,,,,,,,,,
Nubank,2023.0,35693242.0,29803924.0,2136758.0,,regex,Nubank_2023_Q3.pdf,Success,Partial(3/4),,,,,,,,,,,,
Nubank,2023.0,33608083.0,27963484.0,1868640.0,,regex,Nubank_2023_Q2.pdf,Success,Partial(3/4),,,,,,,,,,,,
Nubank,2021.0,19858681.0,15416140.0,1698023.0,-165334.0,regex,Nubank_2021_Annual.pdf,Success,Complete,,,,,,,,,,,,
Nubank,2022.0,132.406,132.406,,,regex,Nubank_2022_Q2.pdf,Success,Partial(2/4),,,,,,,,,,,,
Nubank,2024.0,43839497.0,37036806.0,2735901.0,378814.0,regex,Nubank_2024_Q1.pdf,Success,Complete,,,,,,,,,,,,
Nubank,2024.0,49931214.0,42284138.0,11517075.0,,regex,Nubank_2024_Annual.pdf,Success,Partial(3/4),,,,,,,,,,,,
Nubank,2024.0,44802730.0,37879290.0,2848691.0,487272.0,regex,Nubank_2024_Q2.pdf,Success,Complete,,,,,,,,,,,,
Nubank,2022.0,140.772,140.772,,,regex,Nubank_2022_Q3.pdf,Success,Partial(2/4),,,,,,,,,,,,
Nubank,2024.0,48637850.0,40993502.0,2943188.0,553386.0,regex,Nubank_2024_Q3.pdf,Success,Complete,,,,,,,,,,,,
Ollo,,131417.5,,,1325.3,regex,Ollo_1998_Annual.pdf,Success,Partial(2/4),,,,,,,,,,,,
Ollo,,148789.2,,,1527.3,regex,Ollo_1999_Annual.pdf,Success,Partial(2/4),,,,,,,,,,,,
Ollo,2000.0,168410.1,,1999.0,1602.1,regex,Ollo_2000_Annual.pdf,Success,Partial(3/4),,,,,,,,,,,,
Ollo,2004.0,324139.0,301722.0,20331.0,2913.0,regex,Ollo_2004_Annual.pdf,Success,Complete,,,,,,,,,,,,
Ollo,2001.0,192720.9,,,,regex,Ollo_2001_Annual.pdf,Success,Partial(1/4),,,,,,,,,,,,
Ollo,2008.0,2.0,1.0,,,regex,Ollo_2008_Annual.pdf,Success,Partial(2/4),,,,,,,,,,,,
Ollo,2006.0,,,,2394.0,regex,Ollo_2006_Annual.pdf,Success,Partial(1/4),,,,,,,,,,,,
PAO,2020.0,1220177.0,608885.0,7973.0,,regex,PAO_Bank_2020_Annual.pdf,Success,Partial(3/4),,,,,,,,,,,,
PAO,2020.0,,111487000.0,4515000.0,,regex,PAO_Bank_2020_Q1Q2.pdf,Success,Partial(2/4),,,,,,,,,,,,
PAO,2021.0,1436869000.0,641290000.0,6982000.0,,regex,PAO_Bank_2021_Q1Q2.pdf,Success,Partial(3/4),,,,,,,,,,,,
PAO,2021.0,1436869000.0,641290000.0,6982000.0,,regex,PAO_Bank_2021_Q1_Q2.pdf,Success,Partial(3/4),,,,,,,,,,,,
PAO,2020.0,,111487000.0,4515000.0,,regex,PAO_Bank_2020_Q1、Q2.pdf,Success,Partial(2/4),,,,,,,,,,,,
PAO,2020.0,,111487000.0,4515000.0,,regex,PAO_Bank_2020_Q1_Q2.pdf,Success,Partial(2/4),,,,,,,,,,,,
PAO,2021.0,2483953.0,1786305.0,34008.0,,regex,PAO_Bank_2021_Annual.pdf,Success,Partial(3/4),,,,,,,,,,,,
PAO,2021.0,1436869000.0,641290000.0,6982000.0,,regex,PAO_Bank_2021_Q1、Q2.pdf,Success,Partial(3/4),,,,,,,,,,,,
PAO,2022.0,2809891000.0,2185468000.0,48239000.0,,regex,PAO_Bank_2022_Q1Q2.pdf,Success,Partial(3/4),,,,,,,,,,,,
PAO,2023.0,3078119000.0,2316113000.0,,,regex,PAO_Bank_2023_Q1Q2.pdf,Success,Partial(2/4),,,,,,,,,,,,
PAO,2022.0,2809891000.0,2185468000.0,48239000.0,,regex,PAO_Bank_2022_Q1、Q2.pdf,Success,Partial(3/4),,,,,,,,,,,,
PAO,2022.0,2809891000.0,2185468000.0,48239000.0,,regex,PAO_Bank_2022_Q1_Q2.pdf,Success,Partial(3/4),,,,,,,,,,,,
PAO,2022.0,3192634.0,2344735.0,96900.0,,regex,PAO_Bank_2022_Annual.pdf,Success,Partial(3/4),,,,,,,,,,,,
PAO,2023.0,3078119000.0,2316113000.0,,,regex,PAO_Bank_2023_Q1_Q2.pdf,Success,Partial(2/4),,,,,,,,,,,,
PAO,2023.0,3304686.0,2636683.0,,,regex,PAO_Bank_2023_Annual.pdf,Success,Partial(2/4),,,,,,,,,,,,
PAO,2023.0,3078119000.0,2316113000.0,,,regex,PAO_Bank_2023_Q1、Q2.pdf,Success,Partial(2/4),,,,,,,,,,,,
PAO,2024.0,5217256000.0,4306466000.0,,,regex,PAO_Bank_2024_Q1_Q2.pdf,Success,Partial(2/4),,,,,,,,,,,,
PAO,2024.0,5217256000.0,4306466000.0,,,regex,PAO_Bank_2024_Q1Q2.pdf,Success,Partial(2/4),,,,,,,,,,,,
PAO,2024.0,5217256000.0,4306466000.0,,,regex,PAO_Bank_2024_Q1、Q2.pdf,Success,Partial(2/4),,,,,,,,,,,,
Picpay,2020.0,2.228,1.857,,,regex,Picpay_2020_Annual.pdf,Success,Partial(2/4),,,,,,,,,,,,
Picpay,2023.0,6.0,5.0,,,regex,Picpay_2023_Q1、Q2.pdf,Success,Partial(2/4),,,,,,,,,,,,
Picpay,2024.0,7.0,6.71,,,regex,Picpay_2024_Q1、Q2.pdf,Success,Partial(2/4),,,,,,,,,,,,
Picpay,2023.0,7.0,6.087,,,regex,Picpay_2023_Annual.pdf,Success,Partial(2/4),,,,,,,,,,,,
Picpay,2022.0,5.976,4.911,,,regex,Picpay_2022_Annual.pdf,Success,Partial(2/4),,,,,,,,,,,,
Paytm,2020.0,,,3186.8,-1701.01,regex,Paytm_2020_21_Annual.pdf,Success,Partial(2/4),,,,,,,,,,,,
Paytm,2019.0,,,3628.85,-2942.36,regex,Paytm_2019_20_Annual.pdf,Success,Partial(2/4),,,,,,,,,,,,
Picpay,2022.0,13.273,12.449,,,regex,Picpay_2022_Q1、Q2.pdf,Success,Partial(2/4),,,,,,,,,,,,
Quadpay,2019.0,,,1.0,,regex,Quadpay_2019_Annual.pdf,Success,Partial(1/4),,,,,,,,,,,,
Quadpay,2024.0,,,417.4,,regex,Quadpay_2024_Annual.pdf,Success,Partial(1/4),,,,,,,,,,,,
Quadpay,2021.0,,,176.0,,regex,Quadpay_2021_Annual.pdf,Success,Partial(1/4),,,,,,,,,,,,
RecargaPay,2022.0,1.418,10.0,,,regex,RecargaPay_2022_Q1、Q2.pdf,Success,Partial(2/4),,,,,,,,,,,,
RecargaPay,2022.0,3.703,262.682,,,regex,RecargaPay_2022_Annual.pdf,Success,Partial(2/4),,,,,,,,,,,,
RecargaPay,2023.0,3.063,505.0,,,regex,RecargaPay_2023_Q1、Q2.pdf,Success,Partial(2/4),,,,,,,,,,,,
RecargaPay,2023.0,3.56,443.0,,,regex,RecargaPay_2023_Annual.pdf,Success,Partial(2/4),,,,,,,,,,,,
Revolut,2021.0,,,,2021.0,regex,Revolut_2021_Annual.pdf,Success,Partial(1/4),,,,,,,,,,,,
RecargaPay,2024.0,11.836,739.0,,,regex,RecargaPay_2024_Q1、Q2.pdf,Success,Partial(2/4),,,,,,,,,,,,
SBI,2022.0,8534021.0,8388628.0,,17116.0,regex,SBI_Sumishin_Net_Bank_2022_23_Annual.pdf,Success,Partial(3/4),,,,,,,,,,,,
Seven,2008.0,259676.0,214013.0,,25.0,regex,Seven_Bank_2008_Annual.pdf,Success,Partial(3/4),,,,,,,,,,,,
Seven,2011.0,3.0,,,,regex,Seven_Bank_2011_Annual.pdf,Success,Partial(1/4),,,,,,,,,,,,
Seven,2012.0,8.8,8.6,,7.8,regex,Seven_Bank_2012_Annual.pdf,Success,Partial(3/4),,,,,,,,,,,,
Seven,2010.0,4.0,,,,regex,Seven_Bank_2010_Annual.pdf,Success,Partial(1/4),,,,,,,,,,,,
Seven,2009.0,4.0,,,,regex,Seven_Bank_2009_Annual.pdf,Success,Partial(1/4),,,,,,,,,,,,
Sharesies,2022.0,393923.0,221.0,,,regex,Sharesies_2022_23_Annual.pdf,Success,Partial(2/4),,,,,,,,,,,,
SBI,2023.0,8679004.0,8547313.0,,19944.0,regex,SBI_Sumishin_Net_Bank_2023_24_Annual.pdf,Success,Partial(3/4),,,,,,,,,,,,
Shawbrook,2013.0,1661601.0,,,,regex,Shawbrook_Bank_2013_Annual.pdf,Success,Partial(1/4),,,,,,,,,,,,
Seven,2015.0,,,,1.0,regex,Seven_Bank_2015_Annual.pdf,Success,Partial(1/4),,,,,,,,,,,,
Seven,2013.0,,674486.0,,19377.0,regex,Seven_Bank_2013_Annual.pdf,Success,Partial(2/4),,,,,,,,,,,,
Shawbrook,2015.0,3057.1,2729.8,,,regex,Shawbrook_Bank_2015_Q1、Q2.pdf,Success,Partial(2/4),,,,,,,,,,,,
Shawbrook,2017.0,4952.5,4494.1,,,regex,Shawbrook_Bank_2017_Q1、Q2.pdf,Success,Partial(2/4),,,,,,,,,,,,
Shawbrook,2018.0,6377.8,5727.9,,,regex,Shawbrook_Bank_2018_Q1、Q2.pdf,Success,Partial(2/4),,,,,,,,,,,,
Shawbrook,2019.0,7671.0,6952.0,,,regex,Shawbrook_Bank_2019_Q1、Q2.pdf,Success,Partial(2/4),,,,,,,,,,,,
SoFi,2021.0,8083324.0,3514421.0,272006.0,-30047.0,regex,SoFi_2021_Q3.pdf,Success,Complete,,,,,,,,,,,,
SoFi,2022.0,12246576.0,6715903.0,330344.0,-110357.0,regex,SoFi_2022_Q1.pdf,Success,Complete,,,,,,,,,,,,
SoFi,2023.0,25561449.0,19983414.0,13.0,-47549.0,regex,SoFi_2023_Q2.pdf,Success,Complete,,,,,,,,,,,,
SoFi,2022.0,12670886.0,7164332.0,362527.0,-95835.0,regex,SoFi_2022_Q2.pdf,Success,Complete,,,,,,,,,,,,
SoFi,2022.0,15834903.0,10333526.0,423985.0,-74209.0,regex,SoFi_2022_Q3.pdf,Success,Complete,,,,,,,,,,,,
SoFi,2024.0,31305760.0,25159781.0,14.0,,regex,SoFi_2024_Q1.pdf,Success,Partial(3/4),,,,,,,,,,,,
SoFi,2023.0,22452961.0,16898515.0,13.0,-34422.0,regex,SoFi_2023_Q1.pdf,Success,Complete,,,,,,,,,,,,
SoFi,2024.0,32641979.0,26740485.0,15.0,,regex,SoFi_2024_Q2.pdf,Success,Partial(3/4),,,,,,,,,,,,
SoFi,2024.0,34380176.0,28258695.0,15.0,,regex,SoFi_2024_Q3.pdf,Success,Partial(3/4),,,,,,,,,,,,
Superdigital,2019.0,303.293,,,74.0,regex,Superdigital_2019_Annual.pdf,Success,Partial(2/4),,,,,,,,,,,,
Superdigital,2022.0,594.446,594.446,,,regex,Superdigital_2022_Annual.pdf,Success,Partial(2/4),,,,,,,,,,,,
Superdigital,2020.0,2.0,2.0,,,regex,Superdigital_2020_Q1、Q2.pdf,Success,Partial(2/4),,,,,,,,,,,,
Superdigital,2021.0,329.044,329.044,,,regex,Superdigital_2021_Q1、Q2.pdf,Success,Partial(2/4),,,,,,,,,,,,
Superdigital,2024.0,480.541,212.551,,,regex,Superdigital_2024_Q1、Q2.pdf,Success,Partial(2/4),,,,,,,,,,,,
Tonik,2020.0,104900426.0,105237044.0,,,regex,Tonik_2020_Annual.pdf,Success,Partial(2/4),,,,,,,,,,,,
Tonik,2022.0,10585492306.0,8354808620.0,,,regex,Tonik_2022_Annual.pdf,Success,Partial(2/4),,,,,,,,,,,,
Tyro,2002.0,233876.0,0.0,3054.0,,regex,Tyro_2002_03_Annual.pdf,Success,Partial(3/4),,,,,,,,,,,,
Tyro,2003.0,572465.0,9260.0,109545.0,,regex,Tyro_2003_04_Annual.pdf,Success,Partial(3/4),,,,,,,,,,,,
Tyro,2004.0,3.0,5.0,,,regex,Tyro_2004_05_Annual.pdf,Success,Partial(2/4),,,,,,,,,,,,
Tinkoff,2022.0,1599475.0,1393699.0,,20802.0,regex,Tinkoff_2022_Annual.pdf,Success,Partial(3/4),,,,,,,,,,,,
Tyro,2005.0,,,2.0,,regex,Tyro_2005_06_Annual.pdf,Success,Partial(1/4),,,,,,,,,,,,
Tyro,2009.0,,,,-1823958.0,regex,Tyro_2009_10_Annual.pdf,Success,Partial(1/4),,,,,,,,,,,,
Tyro,2008.0,,,,-5113175.0,regex,Tyro_2008_09_Annual.pdf,Success,Partial(1/4),,,,,,,,,,,,
Tyro,2010.0,,,,-1815517.0,regex,Tyro_2010_11_Annual.pdf,Success,Partial(1/4),,,,,,,,,,,,
Tinkoff,2021.0,,,20.0,46.0,regex,Tinkoff_2021_Annual.pdf,Success,Partial(2/4),,,,,,,,,,,,
Tyro,2014.0,35813.0,8025.0,,,regex,Tyro_2014_15_Annual.pdf,Success,Partial(2/4),,,,,,,,,,,,
Tyro,2012.0,,,,-8.0,regex,Tyro_2012_13_Annual.pdf,Success,Partial(1/4),,,,,,,,,,,,
Tyro,2016.0,139509.0,18118.0,,-12775.0,regex,Tyro_2016_17_Annual.pdf,Success,Partial(3/4),,,,,,,,,,,,
Tyro,2017.0,,,148251.0,-16370.0,regex,Tyro_2017_18_Annual.pdf,Success,Partial(2/4),,,,,,,,,,,,
Warren,2023.0,155.185,,,,regex,Warren_2023_Annual.pdf,Success,Partial(1/4),,,,,,,,,,,,
WeBank,2016.0,51995491724.0,,2.0,4.01,regex,WeBank_2016_Annual.pdf,Success,Partial(3/4),,,,,,,,,,,,
WeBank,2019.0,2912.0,,14870331.0,39.5,regex,WeBank_2019_Annual.pdf,Success,Partial(3/4),,,,,,,,,,,,
WeBank,2021.0,438747807000000.0,,26989261000000.0,6883757000000.0,regex,WeBank_2021_Annual.pdf,Success,Partial(3/4),,,,,,,,,,,,
WeBank,2020.0,3464000000.0,,19880616000000.0,4957070000000.0,regex,WeBank_2020_Annual.pdf,Success,Partial(3/4),,,,,,,,,,,,
Tyro,2019.0,,,210675.0,,regex,Tyro_2019_20_Annual.pdf,Success,Partial(1/4),,,,,,,,,,,,
WeBank,2023.0,5099000.0,4687000.0,19645179000.0,5452380000.0,regex,WeBank_2023_Q1、Q2.pdf,Success,Complete,,,,,,,,,,,,
WeBank,2024.0,5809000.0,5293000.0,19637855000.0,6315496000.0,regex,WeBank_2024_Q1、Q2.pdf,Success,Complete,,,,,,,,,,,,
WeBank,2018.0,220036611.0,,10029739.0,2474133.0,regex,WeBank_2018_Annual.pdf,Success,Partial(3/4),,,,,,,,,,,,
WeBank,2022.0,473861630000000.0,,35364050000000.0,8937051000000.0,regex,WeBank_2022_Annual.pdf,Success,Partial(3/4),,,,,,,,,,,,
Wise,2022.0,10224.0,9766.6,3.0,37.3,regex,Wise_2022_23_Q1_Q2.pdf,Success,Complete,,,,,,,,,,,,
Tonik,2021.0,5884999458.0,5530207294.0,,,regex,Tonik_2021_Annual.pdf,Success,Partial(2/4),,,,,,,,,,,,
Tyro,2018.0,,,189.8,,regex,Tyro_2018_19_Annual.pdf,Success,Partial(1/4),,,,,,,,,,,,
WeBank,2023.0,5355.79,4893.57,39361031.0,10815334.0,regex,WeBank_2023_Annual.pdf,Success,Complete,,,,,,,,,,,,
Wise,2021.0,5652.0,5313.4,256.3,12.7,regex,Wise__fmr_TransferWise_2021_22_Q1_Q2.pdf,Success,Complete,,,,,,,,,,,,
Wise,2022.0,10224.0,9766.6,3.0,37.3,regex,Wise__fmr_TransferWise_2022_23_Q1_Q2.pdf,Success,Complete,,,,,,,,,,,,
ZA,2021.0,9912034.0,8129471.0,,-252096.0,regex,ZA_Bank_2021_Annual.pdf,Success,Partial(3/4),,,,,,,,,,,,
ZA,2022.0,10715157.0,8456388.0,,-257104.0,regex,ZA_Bank_2022_Annual.pdf,Success,Partial(3/4),,,,,,,,,,,,
ZA,2023.0,13030228.0,10979394.0,20987.0,-199910.0,regex,ZA_Bank_2023_Annual.pdf,Success,Complete,,,,,,,,,,,,
ZA,2024.0,19952965.0,18042037.0,,-109258.0,regex,ZA_Bank_2024_Annual.pdf,Success,Partial(3/4),,,,,,,,,,,,
digibank,2020.0,87632242000000.0,78420930000000.0,,,regex,digibank_DBS_Bank_2020_Annual.pdf,Success,Partial(2/4),,,,,,,,,,,,
digibank,2020.0,90781028000000.0,81429070000000.0,,,regex,digibank_DBS_Bank_2020_Q1Q2Q3.pdf,Success,Partial(2/4),,,,,,,,,,,,
digibank,2021.0,86154871000000.0,76479600000000.0,,,regex,digibank_DBS_Bank_2021_Annual.pdf,Success,Partial(2/4),,,,,,,,,,,,
digibank,2021.0,85324826000000.0,75839253000000.0,,,regex,digibank_DBS_Bank_2021_Q1.pdf,Success,Partial(2/4),,,,,,,,,,,,
digibank,2021.0,81980431000000.0,72313541000000.0,,,regex,digibank_DBS_Bank_2021_Q1Q2.pdf,Success,Partial(2/4),,,,,,,,,,,,
digibank,2022.0,99281571000000.0,88781168000000.0,,,regex,digibank_DBS_Bank_2022_Annual.pdf,Success,Partial(2/4),,,,,,,,,,,,
digibank,2021.0,84068288000000.0,74541503000000.0,,,regex,digibank_DBS_Bank_2021_Q1Q2Q3.pdf,Success,Partial(2/4),,,,,,,,,,,,
digibank,2022.0,89841955000000.0,80046370000000.0,,,regex,digibank_DBS_Bank_2022_Q1.pdf,Success,Partial(2/4),,,,,,,,,,,,
digibank,2023.0,112971991000000.0,100790732000000.0,,,regex,digibank_DBS_Bank_2023_Annual.pdf,Success,Partial(2/4),,,,,,,,,,,,
digibank,2022.0,95762445000000.0,85587998000000.0,,,regex,digibank_DBS_Bank_2022_Q1Q2.pdf,Success,Partial(2/4),,,,,,,,,,,,
digibank,2022.0,99225474000000.0,88953099000000.0,,,regex,digibank_DBS_Bank_2022_Q1Q2Q3.pdf,Success,Partial(2/4),,,,,,,,,,,,
digibank,2023.0,101475777000000.0,90348284000000.0,,,regex,digibank_DBS_Bank_2023_Q1.pdf,Success,Partial(2/4),,,,,,,,,,,,
digibank,2023.0,105273539000000.0,93854541000000.0,,,regex,digibank_DBS_Bank_2023_Q1Q2.pdf,Success,Partial(2/4),,,,,,,,,,,,
digibank,2023.0,111379146000000.0,99435591000000.0,,,regex,digibank_DBS_Bank_2023_Q1Q2Q3.pdf,Success,Partial(2/4),,,,,,,,,,,,
digibank,2024.0,119603042000000.0,106965740000000.0,,,regex,digibank_DBS_Bank_2024_Q1.pdf,Success,Partial(2/4),,,,,,,,,,,,
digibank,2024.0,131553399000000.0,118549575000000.0,,,regex,digibank_DBS_Bank_2024_Q1Q2.pdf,Success,Partial(2/4),,,,,,,,,,,,
digibank,2024.0,1000000.0,1000000.0,,,regex,digibank_DBS_Bank_2024_Q1Q2Q3.pdf,Success,Partial(2/4),,,,,,,,,,,,
digibank,2020.0,87632242000000.0,78420930000000.0,,,regex,digibank_（DBS_Bank）_2020_Annual.pdf,Success,Partial(2/4),,,,,,,,,,,,
digibank,2021.0,86154871000000.0,76479600000000.0,,,regex,digibank_（DBS_Bank）_2021_Annual.pdf,Success,Partial(2/4),,,,,,,,,,,,
digibank,2021.0,85324826000000.0,75839253000000.0,,,regex,digibank_（DBS_Bank）_2021_Q1.pdf,Success,Partial(2/4),,,,,,,,,,,,
digibank,2021.0,81980431000000.0,72313541000000.0,,,regex,digibank_（DBS_Bank）_2021_Q1、Q2.pdf,Success,Partial(2/4),,,,,,,,,,,,
digibank,2021.0,84068288000000.0,74541503000000.0,,,regex,digibank_（DBS_Bank）_2021_Q1、Q2、Q3.pdf,Success,Partial(2/4),,,,,,,,,,,,
digibank,2022.0,99281571000000.0,88781168000000.0,,,regex,digibank_（DBS_Bank）_2022_Annual.pdf,Success,Partial(2/4),,,,,,,,,,,,
digibank,2022.0,89841955000000.0,80046370000000.0,,,regex,digibank_（DBS_Bank）_2022_Q1.pdf,Success,Partial(2/4),,,,,,,,,,,,
digibank,2022.0,95762445000000.0,85587998000000.0,,,regex,digibank_（DBS_Bank）_2022_Q1、Q2.pdf,Success,Partial(2/4),,,,,,,,,,,,
digibank,2023.0,112971991000000.0,100790732000000.0,,,regex,digibank_（DBS_Bank）_2023_Annual.pdf,Success,Partial(2/4),,,,,,,,,,,,
digibank,2022.0,99225474000000.0,88953099000000.0,,,regex,digibank_（DBS_Bank）_2022_Q1、Q2、Q3.pdf,Success,Partial(2/4),,,,,,,,,,,,
digibank,2023.0,101475777000000.0,90348284000000.0,,,regex,digibank_（DBS_Bank）_2023_Q1.pdf,Success,Partial(2/4),,,,,,,,,,,,
digibank,2023.0,105273539000000.0,93854541000000.0,,,regex,digibank_（DBS_Bank）_2023_Q1、Q2.pdf,Success,Partial(2/4),,,,,,,,,,,,
digibank,2024.0,119603042000000.0,106965740000000.0,,,regex,digibank_（DBS_Bank）_2024_Q1.pdf,Success,Partial(2/4),,,,,,,,,,,,
digibank,2023.0,111379146000000.0,99435591000000.0,,,regex,digibank_（DBS_Bank）_2023_Q1、Q2、Q3.pdf,Success,Partial(2/4),,,,,,,,,,,,
digibank,2024.0,131553399000000.0,118549575000000.0,,,regex,digibank_（DBS_Bank）_2024_Q1、Q2.pdf,Success,Partial(2/4),,,,,,,,,,,,
digibank,2024.0,1000000.0,1000000.0,,,regex,digibank_（DBS_Bank）_2024_Q1、Q2、Q3.pdf,Success,Partial(2/4),,,,,,,,,,,,
weLab,2018.0,,,,-493146.0,regex,weLab_Bank_2018_Annual.pdf,Success,Partial(1/4),,,,,,,,,,,,
weLab,2020.0,776078.0,259192.0,,,regex,weLab_Bank_2020_Q1_Q2.pdf,Success,Partial(2/4),,,,,,,,,,,,
weLab,2022.0,2667193.0,2138869.0,,-224016.0,regex,weLab_Bank_2022_Q1_Q2.pdf,Success,Partial(3/4),,,,,,,,,,,,
weLab,2021.0,2723303.0,2188491.0,,-226728.0,regex,weLab_Bank_2021_Q1_Q2.pdf,Success,Partial(3/4),,,,,,,,,,,,
weLab,2023.0,3054770.0,2565157.0,,-161544.0,regex,weLab_Bank_2023_Q1_Q2.pdf,Success,Partial(3/4),,,,,,,,,,,,
weLab,2024.0,8689647.0,7582575.0,,-125074.0,regex,weLab_Bank_2024_Q1_Q2.pdf,Success,Partial(3/4),,,,,,,,,,,,
weLab,2023.0,,,,-315632.0,regex,weLab_Bank_2023_Annual.pdf,Success,Partial(1/4),,,,,,,,,,,,
weLab,2022.0,,,,-458309.0,regex,weLab_Bank_2022_Annual.pdf,Success,Partial(1/4),,,,,,,,,,,,
